aircraft_id,tailnum
1,N73259
2,N586UA
3,N378DA
4,N803UA
5,N455UA
6,N339AA
7,N721MQ
8,N15710
9,N732US
10,N945UW
11,N13988
12,N721TW
13,N655JB
14,N396DA
15,N630MQ
16,N602LR
17,N3HKAA
18,N515MQ
19,N487AA
20,N316JB
21,N469WN
22,N13958
23,N827AS
24,N3763D
25,N536JB
26,N13949
27,N366NB
28,N11119
29,N504UA
30,N13718
31,N522MQ
32,N8896A
33,N35260
34,N16981
35,N16571
36,N902XJ
37,N14173
38,N191DN
39,N903XJ
40,N423WN
41,N833AS
42,N3DBAA
43,N8305E
44,N515UA
45,N562JB
46,N600WN
47,N554UA
48,N784SW
49,N911DL
50,N846UA
51,N307JB
52,N997DL
53,N518MQ
54,N320US
55,N165US
56,N712TW
57,N926XJ
58,N358NB
59,N454UA
60,N640AW
61,N559JB
62,N365NB
63,N13716
64,N0EGMQ
65,N13970
66,N735MQ
67,N114UW
68,N736SA
69,N306DQ
70,N39423
71,N81449
72,N368AA
73,N4YBAA
74,N14998
75,N708UW
76,N5FGAA
77,N948WN
78,N543MQ
79,N483UA
80,N466WN
81,N3JTAA
82,N3740C
83,N604LR
84,N37471
85,N12563
86,N507JB
87,N588JB
88,N78524
89,N181PQ
90,N331NB
91,N153UW
92,N179UW
93,N6716C
94,N26208
95,N26210
96,N758US
97,N540UA
98,N73291
99,N653JB
100,N58101
101,N135EV
102,N577AA
103,N506MQ
104,N4YTAA
105,N854UA
106,N913DL
107,N877AS
108,N11189
109,N302NB
110,N344NB
111,N76254
112,N14923
113,N14219
114,N3JAAA
115,N351NB
116,N15980
117,N17139
118,N668AW
119,N607AT
120,N187DN
121,N919XJ
122,N3HMAA
123,N796JB
124,N738CB
125,N649AW
126,N23708
127,N846MQ
128,N3ARAA
129,N729SW
130,N377DA
131,N24212
132,N73406
133,N12552
134,N8646A
135,N8674A
136,N924XJ
137,N3752
138,N127UW
139,N267AT
140,N259WN
141,N567UA
142,N16541
143,N15572
144,N14143
145,N11547
146,N527MQ
147,N3739P
148,N136EV
149,N467UA
150,N547AA
151,N3FVAA
152,N7702A
153,N16546
154,N76054
155,N213WN
156,N507MQ
157,N275WN
158,N707EV
159,N200AA
160,N14731
161,N37464
162,N429WN
163,N548UW
164,N56859
165,N395DN
166,N29906
167,N16561
168,N168AT
169,N187US
170,N449UA
171,N482UA
172,N955DL
173,N4XCAA
174,N475WN
175,N484UA
176,N210WN
177,N579AA
178,N24202
179,N906DL
180,N923FJ
181,N3CJAA
182,N11535
183,N502AA
184,N111US
185,N967UW
186,N8797A
187,N923MQ
188,N741UW
189,N154DL
190,N474WN
191,N37465
192,N8907A
193,N678CA
194,N497UA
195,N4YDAA
196,N75433
197,N387DA
198,N561UA
199,N541UA
200,N34110
201,N121UW
202,N933DL
203,N150UW
204,N523UW
205,N905DE
206,N188US
207,N509UA
208,N3GFAA
209,N345NW
210,N480WN
211,N8696C
212,N190JB
213,N412UA
214,N838MQ
215,N425AA
216,N174US
217,N521UA
218,N19554
219,N3FPAA
220,N316US
221,N14107
222,N601AW
223,N658MQ
224,N329NB
225,N566UA
226,N938DL
227,N323AS
228,N3FFAA
229,N744P
230,N18101
231,N740UW
232,N14977
233,N520UW
234,N457UA
235,N232PQ
236,N756SA
237,N833AY
238,N191UW
239,N178DZ
240,N75410
241,N3767
242,N527AA
243,N372NW
244,N580AA
245,N6711M
246,N3CAAA
247,N836AS
248,N133EV
249,N805AY
250,N539MQ
251,N3CGAA
252,N4WNAA
253,N675DL
254,N3GVAA
255,N4XUAA
256,N427UA
257,N17133
258,N434AA
259,N950UW
260,N700GS
261,N891AT
262,N749US
263,N834AY
264,N986DL
265,N67134
266,N370NW
267,N3GEAA
268,N75854
269,N223WN
270,N724SW
271,N684WN
272,N79279
273,N338AT
274,N6700
275,N5FMAA
276,N496AA
277,N909DE
278,N25705
279,N558AA
280,N834MH
281,N699MQ
282,N411UA
283,N416UA
284,N602AW
285,N843VA
286,N612QX
287,N369NW
288,N3APAA
289,N907DE
290,N756US
291,N108UW
292,N481WN
293,N3KSAA
294,N381HA
295,N909EV
296,N5BSAA
297,N134EV
298,N844VA
299,N8698A
300,N276WN
301,N776WN
302,N13975
303,N419AS
304,N3742C
305,N73445
306,N4WSAA
307,N389HA
308,N915DE
309,N585AA
310,N779SW
311,N972AT
312,N359AA
313,N957WN
314,N918FJ
315,N216JB
316,N621AA
317,N8855A
318,N203JB
319,N976DL
320,N482AA
321,N5EKAA
322,N904DE
323,N851MQ
324,N3HEAA
325,N1603
326,N519LR
327,N979DL
328,N318US
329,N448WN
330,N665DN
331,N3EAAA
332,N421LV
333,N5DTAA
334,N733SA
335,N925WN
336,N673AW
337,N789SW
338,N410WN
339,N3BYAA
340,N904DL
341,N962DN
342,N760SW
343,N385AA
344,N510MJ
345,N993DL
346,N8412F
347,N467WN
348,N5DVAA
349,N505AA
350,N931WN
351,N479AA
352,N576AA
353,N518LR
354,N541UW
355,N73860
356,N3AUAA
357,N3JRAA
358,N182DN
359,N495WN
360,N283WN
361,N814UA
362,N57857
363,N831AY
364,N8921B
365,N287WN
366,N450UW
367,N406US
368,N667DN
369,N554NW
370,N665MQ
371,N3BBAA
372,N184DN
373,N477AA
374,N681DA
375,N354SW
376,N938LR
377,N443WN
378,N8611F
379,N241WN
380,N353AT
381,N516MQ
382,N69059
383,N717SA
384,N27477
385,N330AT
386,N432UA
387,N8794B
388,N5DAAA
389,N521AA
390,N970AT
391,N6704Z
392,N553AA
393,N953WN
394,N841MH
395,N3HDAA
396,N128UW
397,N652AW
398,N486WN
399,N195PQ
400,N840AY
401,N711HK
402,N4WPAA
403,N961DN
404,N525AS
405,N419US
406,N8323C
407,N455WN
408,N798SW
409,N3ALAA
410,N73278
411,N935MQ
412,N4WKAA
413,N556WN
414,N893AT
415,N485AA
416,N360SW
417,N8986B
418,N951DL
419,N8672A
420,N8709A
421,N449WN
422,N67058
423,N177DZ
424,N909FJ
425,N290AT
426,N3ABAA
427,N446WN
428,N516UA
429,N439US
430,N945WN
431,N208WN
432,N615MQ
433,N676DL
434,N747SA
435,N239WN
436,N933MQ
437,N552AA
438,N3CVAA
439,N749SW
440,N701UW
441,N660UA
442,N184AT
443,N765US
444,N514AA
445,N295AT
446,N3DGAA
447,N703SW
448,N668MQ
449,N386SW
450,N905FJ
451,N665WN
452,N7732A
453,N611SW
454,N143DA
455,N585AS
456,N938WN
457,N526AS
458,N787NC
459,N615AA
460,N568UW
461,N779NC
462,N387SW
463,N690MQ
464,N702SK
465,N619MQ
466,N920DN
467,N794SK
468,N813MQ
469,N636WN
470,N534AS
471,N760SK
472,N913WN
473,N770NC
474,N785SK
475,N612SW
476,N839MQ
477,N517AS
478,N600MQ
479,N5DMAA
480,N640DL
481,N369AA
482,N632MQ
483,N631MQ
484,N653MQ
485,N626MQ
486,N814AW
487,N1608
488,N5DEAA
489,N842MQ
490,N638SW
491,N640SW
492,N430US
493,N647UA
494,N656UA
495,N632AW
496,N652UA
497,N818MQ
498,N929LR
499,N525SW
500,N774NC
501,N8612K
502,N508SW
503,N509SW
504,N511SW
505,N613MQ
506,N809AW
507,N648UA
508,N826AW
509,N26906
510,N8616C
511,N69804
512,N293PQ
513,N68801
514,N296PQ
515,N440AS
516,N299PQ
517,N442AS
518,N907JB
519,N3LEAA
520,N858AS
521,N913JB
522,N221FR
523,N64809
524,N77012
525,N576UA
526,N170US
527,N17719
528,N502UA
529,N281JB
530,N11181
531,N423AS
532,N702TW
533,N552JB
534,N274JB
535,N33284
536,N38417
537,N3761R
538,N355NB
539,N754UW
540,N319AA
541,N34455
542,N13538
543,N3FHAA
544,N832AY
545,N4WVAA
546,N39463
547,N8721B
548,N966DL
549,N646JB
550,N584JB
551,N452UA
552,N16954
553,N38451
554,N590JB
555,N12126
556,N323AA
557,N927XJ
558,N16987
559,N989AT
560,N15555
561,N851UA
562,N608JB
563,N624AG
564,N5DYAA
565,N27205
566,N461UA
567,N125UW
568,N703JB
569,N754EV
570,N3HNAA
571,N589JB
572,N185UW
573,N37434
574,N8847A
575,N466UA
576,N206JB
577,N737US
578,N37470
579,N912DL
580,N762US
581,N17196
582,N700UW
583,N637JB
584,N38257
585,N563UA
586,N825AS
587,N529VA
588,N24702
589,N587JB
590,N32404
591,N17126
592,N211FR
593,N4XDAA
594,N703TW
595,N24224
596,N5EWAA
597,N18102
598,N11548
599,N3744F
600,N21129
601,N909XJ
602,N8475B
603,N57111
604,N643MQ
605,N399DA
606,N4XXAA
607,N3FCAA
608,N705TW
609,N3JCAA
610,N657MQ
611,N503UA
612,N195DN
613,N317JB
614,N835AS
615,N763JB
616,N651JB
617,N339JB
618,N37422
619,N828UA
620,N612JB
621,N645JB
622,N712JB
623,N705JB
624,N230WN
625,N533AS
626,N3HCAA
627,N3735D
628,N501MQ
629,N811MQ
630,N965UW
631,N939WN
632,N839VA
633,N4XGAA
634,N828AS
635,N566UW
636,N27239
637,N771SA
638,N663JB
639,N3CNAA
640,N16234
641,N3EEAA
642,N426AA
643,N37466
644,N505MQ
645,N613JB
646,N8458A
647,N524MQ
648,N59053
649,N538CA
650,N12567
651,N199UW
652,N13965
653,N314NB
654,N16701
655,N3JKAA
656,N374JB
657,N22971
658,N3KFAA
659,N540US
660,N289CT
661,N3GHAA
662,N414WN
663,N3EXAA
664,N14162
665,N805UA
666,N568JB
667,N206WN
668,N539UW
669,N519UA
670,N18112
671,N509AY
672,N16147
673,N48127
674,N947AT
675,N769US
676,N649MQ
677,N186DN
678,N719SW
679,N169DZ
680,N16183
681,N423UA
682,N593JB
683,N433UA
684,N3GSAA
685,N281AT
686,N3HAAA
687,N410UA
688,N6713Y
689,N178JB
690,N307DQ
691,N624SW
692,N944UW
693,N823UA
694,N330NW
695,N8888D
696,N836AY
697,N607LR
698,N29917
699,N3AJAA
700,N708EV
701,N326NB
702,N385HA
703,N76504
704,N712EV
705,N660AW
706,N615QX
707,N525AA
708,N14242
709,N339NB
710,N678DL
711,N33103
712,N904WN
713,N344AA
714,N326US
715,N3CLAA
716,N710EV
717,N216WR
718,N546UW
719,N312US
720,N16151
721,N965WN
722,N587AS
723,N87507
724,N553WN
725,N76526
726,N320NB
727,N430WN
728,N569AA
729,N553UA
730,N563UW
731,N704SW
732,N483WN
733,N340NB
734,N436AA
735,N555AY
736,N197JB
737,N622MQ
738,N675MQ
739,N818UA
740,N677MQ
741,N286WN
742,N393AA
743,N975DL
744,N811UA
745,N3DHAA
746,N689DL
747,N523AS
748,N938AT
749,N906DE
750,N746UW
751,N473UA
752,N4XMAA
753,N6710E
754,N248WN
755,N853VA
756,N817UA
757,N77518
758,N351AA
759,N723EV
760,N496UA
761,N914DE
762,N996DL
763,N174AT
764,N540UW
765,N438UA
766,N18120
767,N911DE
768,N14198
769,N949DL
770,N676AW
771,N3JMAA
772,N706TW
773,N475UA
774,N36247
775,N427WN
776,N14171
777,N615JB
778,N3KAAA
779,N478WN
780,N21144
781,N8965E
782,N951UW
783,N16919
784,N717UW
785,N824UA
786,N19966
787,N510JB
788,N916DL
789,N397AA
790,N8588D
791,N389SW
792,N643JB
793,N799SW
794,N649DL
795,N495UA
796,N670UA
797,N950DL
798,N786SW
799,N551WN
800,N654DL
801,N802UA
802,N748SW
803,N354NW
804,N644DL
805,N318AT
806,N8306H
807,N392SW
808,N442WN
809,N939AT
810,N856MQ
811,N638MQ
812,N8930E
813,N963WN
814,N842VA
815,N917DL
816,N17122
817,N398CA
818,N502MJ
819,N797MX
820,N13161
821,N8488D
822,N690DL
823,N934DL
824,N485UA
825,N921FJ
826,N781WN
827,N621MQ
828,N348AA
829,N842MH
830,N479WN
831,N3769L
832,N76514
833,N573UA
834,N27200
835,N3FTAA
836,N41104
837,N743SW
838,N278WN
839,N38446
840,N192JB
841,N417WN
842,N3FSAA
843,N298WN
844,N485WN
845,N915WN
846,N538AA
847,N392HA
848,N3GUAA
849,N3DYAA
850,N793SA
851,N317WN
852,N586AS
853,N3GPAA
854,N628AW
855,N770UW
856,N717MQ
857,N726SW
858,N415WN
859,N124US
860,N596AS
861,N202AA
862,N435WN
863,N570AA
864,N4XEAA
865,N73299
866,N237WN
867,N615DL
868,N996AT
869,N752SW
870,N147PQ
871,N279JB
872,N953FR
873,N8665A
874,N356AA
875,N409AS
876,N969AT
877,N3KMAA
878,N827JB
879,N844MH
880,N297WN
881,N371CA
882,N923AT
883,N922AT
884,N954WN
885,N732SW
886,N207FR
887,N709SW
888,N853UA
889,N709UW
890,N3HRAA
891,N777QC
892,N210FR
893,N496WN
894,N3GLAA
895,N557NW
896,N438US
897,N360AA
898,N494WN
899,N675AW
900,N177DN
901,N5CAAA
902,N344NW
903,N907FJ
904,N956LR
905,N838AW
906,N687MQ
907,N921AT
908,N923DL
909,N648DL
910,N5EAAA
911,N28478
912,N676MQ
913,N8477R
914,N12145
915,N935LR
916,N764SW
917,N354AT
918,N8790A
919,N585UA
920,N370SW
921,N499WN
922,N531US
923,N536AS
924,N768US
925,N522US
926,N180US
927,N14115
928,N581AA
929,N1200K
930,N657SW
931,N645DL
932,N539UA
933,N394AA
934,N598UA
935,N635SW
936,N810MQ
937,N8608N
938,N8322X
939,N655WN
940,N399AA
941,N378SW
942,N806MQ
943,N608SW
944,N3KXAA
945,N590AS
946,N654MQ
947,N374AA
948,N57862
949,N925DL
950,N831MQ
951,N543UA
952,N351NW
953,N646SW
954,N662SW
955,N762NC
956,N804JB
957,N670SW
958,N593AS
959,N263WN
960,N776SK
961,N357AA
962,N606SW
963,N8615E
964,N666UA
965,N673MQ
966,N518AA
967,N350SW
968,N826MQ
969,N427US
970,N845MQ
971,N8606C
972,N37277
973,N371SW
974,N614MQ
975,N638AA
976,N5EFAA
977,N531AS
978,N905DA
979,N328AT
980,N8309C
981,N820MQ
982,N318AS
983,N78866
984,N520AS
985,N8326F
986,N452UW
987,N456UW
988,N441US
989,N506SW
990,N903DA
991,N825AW
992,N515SW
993,N451UW
994,N170PQ
995,N819MQ
996,N834AW
997,N399WN
998,N600TR
999,N909MQ
1000,N787UA
1001,N622AW
1002,N564AS
1003,N14629
1004,N910DN
1005,N941UW
1006,N375JB
1007,N907MQ
1008,N3LAAA
1009,N395HA
1010,N66808
1011,N746SK
1012,N7AAAA
1013,N871AS
1014,N840AS
1015,N931XJ
1016,N8942A
1017,N33262
1018,N542AA
1019,N17104
1020,N3748Y
1021,N37298
1022,N815UA
1023,N597UA
1024,N545AA
1025,N360NB
1026,N722MQ
1027,N12218
1028,N47414
1029,N53441
1030,N383DN
1031,N580UA
1032,N641DL
1033,N28457
1034,N36444
1035,N583AA
1036,N961UW
1037,N826AS
1038,N720MQ
1039,N849UA
1040,N33292
1041,N13968
1042,N662JB
1043,N926DL
1044,N998DL
1045,N8683B
1046,N298JB
1047,N415UA
1048,N634VA
1049,N13566
1050,N355JB
1051,N604QX
1052,N172US
1053,N117UW
1054,N14558
1055,N368NW
1056,N249JB
1057,N564UW
1058,N651AW
1059,N549UW
1060,N945DL
1061,N397SW
1062,N624JB
1063,N658JB
1064,N465UA
1065,N532AS
1066,N78285
1067,N320AA
1068,N338AA
1069,N21154
1070,N3764D
1071,N309JB
1072,N608QX
1073,N39728
1074,N529UA
1075,N5FEAA
1076,N855VA
1077,N761ND
1078,N524JB
1079,N14570
1080,N380HA
1081,N668DN
1082,N574UA
1083,N389DA
1084,N971DL
1085,N371NW
1086,N456UA
1087,N537UW
1088,N11164
1089,N316NB
1090,N7726A
1091,N565AA
1092,N908XJ
1093,N26545
1094,N12967
1095,N534MQ
1096,N292WN
1097,N767SW
1098,N648JB
1099,N5FSAA
1100,N607MQ
1101,N78506
1102,N566JB
1103,N14972
1104,N12922
1105,N328JB
1106,N236WN
1107,N561JB
1108,N328NW
1109,N441UA
1110,N73256
1111,N932LR
1112,N946WN
1113,N337AT
1114,N13956
1115,N39450
1116,N623JB
1117,N13750
1118,N39475
1119,N789JB
1120,N507UA
1121,N565JB
1122,N821JB
1123,N915XJ
1124,N5CNAA
1125,N102UW
1126,N24211
1127,N36469
1128,N900PC
1129,N3CMAA
1130,N75851
1131,N554WN
1132,N14177
1133,N491UA
1134,N536UW
1135,N3EHAA
1136,N718EV
1137,N900DE
1138,N39297
1139,N640VA
1140,N517MQ
1141,N594UA
1142,N925FJ
1143,N19141
1144,N574AA
1145,N110UW
1146,N71411
1147,N324JB
1148,N434UA
1149,N3AXAA
1150,N243WN
1151,N16217
1152,N8783E
1153,N362NW
1154,N318NB
1155,N38459
1156,N830MQ
1157,N443UA
1158,N12921
1159,N381AA
1160,N24715
1161,N425LV
1162,N8501F
1163,N760EV
1164,N917XJ
1165,N29124
1166,N914FJ
1167,N329AA
1168,N404UA
1169,N353NB
1170,N616MQ
1171,N329NW
1172,N16732
1173,N562UA
1174,N16963
1175,N959DL
1176,N932XJ
1177,N506JB
1178,N4WAAA
1179,N794JB
1180,N907DL
1181,N329JB
1182,N490AA
1183,N564JB
1184,N646DL
1185,N625VA
1186,N3GGAA
1187,N454AA
1188,N12157
1189,N641VA
1190,N388HA
1191,N11187
1192,N916DE
1193,N982DL
1194,N294WN
1195,N943WN
1196,N5CSAA
1197,N14105
1198,N5FKAA
1199,N953DL
1200,N728SW
1201,N3732J
1202,N902MQ
1203,N57869
1204,N617DL
1205,N8390A
1206,N192DN
1207,N416WN
1208,N906MQ
1209,N835VA
1210,N3HHAA
1211,N426UA
1212,N37263
1213,N390DA
1214,N14960
1215,N78448
1216,N5PBMQ
1217,N167US
1218,N5DLAA
1219,N3BGAA
1220,N528AA
1221,N3HJAA
1222,N173DZ
1223,N505MJ
1224,N936XJ
1225,N283AT
1226,N528VA
1227,N371DA
1228,N463WN
1229,N748UW
1230,N559UW
1231,N14250
1232,N5EMAA
1233,N785SW
1234,N425UA
1235,N3755D
1236,N26549
1237,N929AT
1238,N3731T
1239,N353SW
1240,N76508
1241,N526UA
1242,N337NB
1243,N628AA
1244,N582CA
1245,N597AA
1246,N17233
1247,N8580A
1248,N401UA
1249,N234WN
1250,N3EFAA
1251,N716EV
1252,N954UW
1253,N38424
1254,N77296
1255,N967DL
1256,N792SW
1257,N326AT
1258,N3AWAA
1259,N24706
1260,N418UA
1261,N463UA
1262,N813UA
1263,N3ECAA
1264,N941DL
1265,N67052
1266,N173US
1267,N327NB
1268,N39418
1269,N3HBAA
1270,N464WN
1271,N468WN
1272,N75436
1273,N361VA
1274,N366AA
1275,N14180
1276,N896AT
1277,N955WN
1278,N914DL
1279,N542MQ
1280,N3FAAA
1281,N327NW
1282,N630JB
1283,N999DN
1284,N384SW
1285,N292JB
1286,N343NW
1287,N381DN
1288,N10575
1289,N479UA
1290,N408WN
1291,N387AA
1292,N960AT
1293,N988AT
1294,N451UA
1295,N759EV
1296,N557UW
1297,N233LV
1298,N5CKAA
1299,N12160
1300,N952WN
1301,N4YLAA
1302,N246LV
1303,N11199
1304,N11127
1305,N240AT
1306,N984DL
1307,N559AA
1308,N625AA
1309,N508AA
1310,N17138
1311,N68452
1312,N472AA
1313,N8710A
1314,N334JB
1315,N8923A
1316,N317NB
1317,N11176
1318,N433US
1319,N499AA
1320,N747UW
1321,N4YUAA
1322,N4WTAA
1323,N637MQ
1324,N931LR
1325,N8828D
1326,N336AT
1327,N3CRAA
1328,N3JGAA
1329,N487WN
1330,N375DA
1331,N551AA
1332,N358NW
1333,N3CUAA
1334,N544MQ
1335,N640MQ
1336,N3JEAA
1337,N4YSAA
1338,N3FYAA
1339,N3BKAA
1340,N475AA
1341,N922FJ
1342,N203FR
1343,N78060
1344,N350NA
1345,N358AA
1346,N261WN
1347,N8974C
1348,N716SW
1349,N957AT
1350,N669AW
1351,N812AY
1352,N8884E
1353,N8604K
1354,N438AA
1355,N753SW
1356,N755EV
1357,N519US
1358,N7746C
1359,N12569
1360,N227WN
1361,N4YKAA
1362,N16149
1363,N457WN
1364,N5BYAA
1365,N465WN
1366,N936DL
1367,N928AT
1368,N76065
1369,N902DE
1370,N267JB
1371,N3DLAA
1372,N828AW
1373,N456AA
1374,N5BRAA
1375,N8533D
1376,N69063
1377,N1604R
1378,N361NW
1379,N411WN
1380,N424WN
1381,N814MQ
1382,N8312C
1383,N795SW
1384,N965AT
1385,N944AT
1386,N8775A
1387,N469AA
1388,N8943A
1389,N293WN
1390,N153DL
1391,N8318F
1392,N772SW
1393,N826MH
1394,N14959
1395,N622SW
1396,N57870
1397,N958DN
1398,N316AT
1399,N933WN
1400,N734SA
1401,N8964E
1402,N639SW
1403,N379AA
1404,N925AT
1405,N815AW
1406,N664MQ
1407,N943FR
1408,N741SA
1409,N5FJAA
1410,N652MQ
1411,N8610A
1412,N5DKAA
1413,N383AA
1414,N324US
1415,N289AT
1416,N835AW
1417,N8601C
1418,N940UW
1419,N633MQ
1420,N238WN
1421,N6705Y
1422,N839AY
1423,N847MQ
1424,N720WN
1425,N636MQ
1426,N503AA
1427,N373AA
1428,N8914A
1429,N440US
1430,N492WN
1431,N228WN
1432,N3AYAA
1433,N8605E
1434,N894AT
1435,N388SW
1436,N5DDAA
1437,N392AA
1438,N368SW
1439,N8319F
1440,N930LR
1441,N541US
1442,N152DL
1443,N843MH
1444,N797SK
1445,N613AA
1446,N8317M
1447,N176AT
1448,N5CRAA
1449,N775NC
1450,N77871
1451,N795SK
1452,N655MQ
1453,N363SW
1454,N178DN
1455,N394SW
1456,N766NC
1457,N726SK
1458,N777NC
1459,N218WN
1460,N155DL
1461,N560AS
1462,N780NC
1463,N395SW
1464,N549US
1465,N834MQ
1466,N764NC
1467,N367AA
1468,N772SK
1469,N396SW
1470,N668UA
1471,N730MQ
1472,N674UA
1473,N602DL
1474,N4WWAA
1475,N835MQ
1476,N512AA
1477,N959DN
1478,N676UA
1479,N206UA
1480,N833MQ
1481,N610WN
1482,N651UA
1483,N959AT
1484,N633AA
1485,N684MQ
1486,N844MQ
1487,N390SW
1488,N693SW
1489,N917FJ
1490,N513AS
1491,N522SW
1492,N7BKAA
1493,N911FJ
1494,N7CAAA
1495,N322AA
1496,N837AW
1497,N187PQ
1498,N859AS
1499,N509AA
1500,N589AS
1501,N832MQ
1502,N911DA
1503,N810AW
1504,N854NW
1505,N272PQ
1506,N358SW
1507,N655UA
1508,N66803
1509,N8617E
1510,N355SW
1511,N941DN
1512,N435AS
1513,N881AS
1514,N928DN
1515,N7715E
1516,N660SW
1517,N7BMAA
1518,N627AW
1519,N34282
1520,N8747B
1521,N630VA
1522,N601LR
1523,N5EUAA
1524,N638VA
1525,N3CWAA
1526,N245WN
1527,N3ENAA
1528,N36915
1529,N13550
1530,N910DE
1531,N618JB
1532,N745SW
1533,N14231
1534,N323US
1535,N528MQ
1536,N452WN
1537,N715JB
1538,N768JB
1539,N353JB
1540,N3FJAA
1541,N342NW
1542,N918DL
1543,N18223
1544,N311US
1545,N580JB
1546,N54241
1547,N11113
1548,N775JB
1549,N198JB
1550,N200PQ
1551,N635JB
1552,N229JB
1553,N373NW
1554,N16178
1555,N8928A
1556,N738US
1557,N38458
1558,N346JB
1559,N657JB
1560,N420UA
1561,N3KRAA
1562,N547JB
1563,N505UA
1564,N514MQ
1565,N189UW
1566,N4UBAA
1567,N724MQ
1568,N7714B
1569,N75428
1570,N845VA
1571,N3DXAA
1572,N224WN
1573,N38727
1574,N5FRAA
1575,N12136
1576,N337NW
1577,N560UA
1578,N528UA
1579,N472UA
1580,N166PQ
1581,N334NW
1582,N595UA
1583,N520MQ
1584,N17146
1585,N745VJ
1586,N546MQ
1587,N362NB
1588,N535MQ
1589,N625JB
1590,N933XJ
1591,N27722
1592,N3GNAA
1593,N332AA
1594,N137EV
1595,N557UA
1596,N8808H
1597,N13969
1598,N522UA
1599,N959UW
1600,N694MQ
1601,N39461
1602,N391AA
1603,N652JB
1604,N934XJ
1605,N404WN
1606,N3CYAA
1607,N550UA
1608,N3DFAA
1609,N37437
1610,N682MQ
1611,N3750D
1612,N3EJAA
1613,N345NB
1614,N661JB
1615,N471UA
1616,N348JB
1617,N621VA
1618,N796SW
1619,N193DN
1620,N521JB
1621,N627JB
1622,N12900
1623,N354JB
1624,N5FAAA
1625,N35204
1626,N3KKAA
1627,N703UW
1628,N77510
1629,N424AA
1630,N526MQ
1631,N373DA
1632,N809UA
1633,N488UA
1634,N123UW
1635,N906AT
1636,N642AA
1637,N6708D
1638,N4YGAA
1639,N13903
1640,N212WN
1641,N514MJ
1642,N901XJ
1643,N393DA
1644,N632VA
1645,N575AA
1646,N631AA
1647,N8924B
1648,N3733Z
1649,N593UA
1650,N36280
1651,N629MQ
1652,N155UW
1653,N527JB
1654,N503JB
1655,N581UA
1656,N3ACAA
1657,N8327A
1658,N194UW
1659,N3BLAA
1660,N36447
1661,N635DL
1662,N596AA
1663,N723TW
1664,N360NW
1665,N25134
1666,N3756
1667,N5ETAA
1668,N963UW
1669,N758SW
1670,N430UA
1671,N442US
1672,N12957
1673,N324NB
1674,N543UW
1675,N332NW
1676,N8506C
1677,N948DL
1678,N19136
1679,N928MQ
1680,N4XRAA
1681,N37293
1682,N579UA
1683,N453UA
1684,N698MQ
1685,N3HTAA
1686,N568AA
1687,N3HVAA
1688,N122US
1689,N530VA
1690,N640JB
1691,N386DA
1692,N817MQ
1693,N448UA
1694,N14228
1695,N15910
1696,N76269
1697,N3KNAA
1698,N3DSAA
1699,N3FMAA
1700,N379DA
1701,N16703
1702,N4XLAA
1703,N11193
1704,N453UW
1705,N14174
1706,N918WN
1707,N832UA
1708,N835UA
1709,N8587E
1710,N33294
1711,N533UA
1712,N918MQ
1713,N521UW
1714,N26123
1715,N37413
1716,N3ELAA
1717,N906FJ
1718,N554UW
1719,N521VA
1720,N500MQ
1721,N753EV
1722,N78511
1723,N610DL
1724,N560AA
1725,N8600F
1726,N3ADAA
1727,N14953
1728,N8886A
1729,N760US
1730,N519AA
1731,N518UA
1732,N963DL
1733,N66051
1734,N126UW
1735,N6714Q
1736,N76288
1737,N509MQ
1738,N364AA
1739,N231WN
1740,N3BEAA
1741,N520AA
1742,N6712B
1743,N3771K
1744,N206FR
1745,N33289
1746,N173AT
1747,N31131
1748,N235WN
1749,N200WN
1750,N3736C
1751,N627VA
1752,N14905
1753,N5CEAA
1754,N21197
1755,N333NB
1756,N680DA
1757,N549AA
1758,N422UA
1759,N488WN
1760,N8673D
1761,N919AT
1762,N942LR
1763,N104UW
1764,N849VA
1765,N750SA
1766,N39726
1767,N557AA
1768,N605MQ
1769,N810UA
1770,N402AS
1771,N481UA
1772,N183JB
1773,N146PQ
1774,N8980A
1775,N946UW
1776,N17115
1777,N254WN
1778,N3FXAA
1779,N928DL
1780,N901WN
1781,N107US
1782,N3FDAA
1783,N342NB
1784,N850UA
1785,N3AGAA
1786,N697DL
1787,N12221
1788,N606MQ
1789,N917DE
1790,N493WN
1791,N11137
1792,N8525B
1793,N594AA
1794,N604SW
1795,N258WN
1796,N492UA
1797,N3EMAA
1798,N852VA
1799,N4YFAA
1800,N3DRAA
1801,N3ASAA
1802,N478AA
1803,N486UA
1804,N11140
1805,N627MQ
1806,N14102
1807,N5FPAA
1808,N922WN
1809,N277WN
1810,N8492C
1811,N835AY
1812,N752EV
1813,N493AA
1814,N87512
1815,N851VA
1816,N971AT
1817,N5DNAA
1818,N490WN
1819,N655DL
1820,N949UW
1821,N334NB
1822,N197PQ
1823,N941WN
1824,N455AA
1825,N34131
1826,N304JB
1827,N76064
1828,N386AA
1829,N628SW
1830,N76502
1831,N407AS
1832,N291WN
1833,N388DA
1834,N26215
1835,N504AA
1836,N177US
1837,N3772H
1838,N353NW
1839,N18119
1840,N11192
1841,N997AT
1842,N193JB
1843,N345AA
1844,N667MQ
1845,N3JFAA
1846,N685DA
1847,N556AS
1848,N708SW
1849,N537AA
1850,N991DL
1851,N3745B
1852,N566AA
1853,N5CDAA
1854,N486AA
1855,N3AHAA
1856,N385DN
1857,N3KHAA
1858,N447WN
1859,N5DHAA
1860,N950WN
1861,N488AA
1862,N13989
1863,N371NB
1864,N550WN
1865,N17105
1866,N214FR
1867,N670MQ
1868,N458UA
1869,N5EBAA
1870,N280WN
1871,N8948B
1872,N987AT
1873,N149AT
1874,N773SA
1875,N339NW
1876,N228PQ
1877,N3HUAA
1878,N612DL
1879,N924AT
1880,N343NB
1881,N947DL
1882,N413AS
1883,N162UW
1884,N242WN
1885,N973DL
1886,N573AA
1887,N843UA
1888,N184US
1889,N406UA
1890,N5FLAA
1891,N978AT
1892,N3JUAA
1893,N4XSAA
1894,N3CFAA
1895,N377NW
1896,N727SW
1897,N825AY
1898,N3DVAA
1899,N900WN
1900,N8623A
1901,N622AA
1902,N617AA
1903,N597AS
1904,N551NW
1905,N534US
1906,N8409N
1907,N661AW
1908,N3FGAA
1909,N12135
1910,N909WN
1911,N494AA
1912,N3CSAA
1913,N309AT
1914,N618WN
1915,N181DN
1916,N603MQ
1917,N379SW
1918,N951AT
1919,N461WN
1920,N630WN
1921,N371AA
1922,N912WN
1923,N181UW
1924,N602XJ
1925,N178US
1926,N251WN
1927,N840UA
1928,N204WN
1929,N845MH
1930,N249WN
1931,N598AA
1932,N550NW
1933,N458WN
1934,N949AT
1935,N921WN
1936,N663MQ
1937,N1602
1938,N713SW
1939,N497WN
1940,N658SW
1941,N5EEAA
1942,N380SW
1943,N892AT
1944,N222WN
1945,N616SW
1946,N960DN
1947,N959WN
1948,N8313F
1949,N913FJ
1950,N654SW
1951,N838MH
1952,N3KVAA
1953,N393HA
1954,N376SW
1955,N5ERAA
1956,N175DZ
1957,N395AA
1958,N380AA
1959,N615SW
1960,N687SW
1961,N916FJ
1962,N663SW
1963,N840MH
1964,N8325D
1965,N804MQ
1966,N610MQ
1967,N600QX
1968,N722EV
1969,N77865
1970,N920FJ
1971,N678MQ
1972,N183UW
1973,N767NC
1974,N7741C
1975,N1501P
1976,N508AS
1977,N581AS
1978,N594AS
1979,N659SW
1980,N363AA
1981,N566AS
1982,N538AS
1983,N557AS
1984,N1612T
1985,N532UA
1986,N511AA
1987,N5DCAA
1988,N829MQ
1989,N5CYAA
1990,N5DPAA
1991,N24633
1992,N5DBAA
1993,N162PQ
1994,N612AA
1995,N830AW
1996,N457UW
1997,N73152
1998,N136DL
1999,N533US
2000,N639DL
2001,N418WN
2002,N824MQ
2003,N359SW
2004,N831MH
2005,N420US
2006,N373SW
2007,N508MJ
2008,N644SW
2009,N365SW
2010,N409US
2011,N653UA
2012,N340LV
2013,N502SW
2014,N777UA
2015,N459UW
2016,N645SW
2017,N523SW
2018,N315AS
2019,N955DN
2020,N825MH
2021,N921DN
2022,N910FR
2023,N345SA
2024,N517UA
2025,N7BFAA
2026,N590NW
2027,N609MQ
2028,N5DFAA
2029,N978SW
2030,N5FDAA
2031,N571UW
2032,N953DN
2033,N68805
2034,N245AY
2035,N902DA
2036,N829MH
2037,N302AS
2038,N3773D
2039,N337JB
2040,N335NW
2041,N713MQ
2042,N202FR
2043,N3BPAA
2044,N738EV
2045,N398DA
2046,N3753
2047,N325NB
2048,N14991
2049,N713EV
2050,N184JB
2051,N591JB
2052,N394DA
2053,N38443
2054,N13995
2055,N4XTAA
2056,N508UA
2057,N947UW
2058,N921XJ
2059,N927DA
2060,N6EAMQ
2061,N17229
2062,N920XJ
2063,N3DMAA
2064,N13994
2065,N805JB
2066,N937AT
2067,N306JB
2068,N87527
2069,N931DL
2070,N76517
2071,N409UA
2072,N16709
2073,N302DQ
2074,N594JB
2075,N54711
2076,N516JB
2077,N3GXAA
2078,N39415
2079,N517JB
2080,N766SW
2081,N841VA
2082,N335AA
2083,N368NB
2084,N478UA
2085,N8541D
2086,N711MQ
2087,N13992
2088,N3GRAA
2089,N239JB
2090,N638JB
2091,N589AA
2092,N14118
2093,N598JB
2094,N639VA
2095,N424UA
2096,N716UW
2097,N768SW
2098,N586JB
2099,N260WN
2100,N37290
2101,N928LR
2102,N842UA
2103,N483AA
2104,N19117
2105,N215WN
2106,N8905F
2107,N11539
2108,N3BFAA
2109,N14179
2110,N11194
2111,N37281
2112,N964DL
2113,N3751B
2114,N514UA
2115,N3758Y
2116,N584UA
2117,N464UA
2118,N13138
2119,N29717
2120,N596UA
2121,N422WN
2122,N3EWAA
2123,N623VA
2124,N3FWAA
2125,N958AT
2126,N605LR
2127,N266JB
2128,N3HLAA
2129,N592JB
2130,N244WN
2131,N653AW
2132,N624VA
2133,N23139
2134,N666DN
2135,N489UA
2136,N341NB
2137,N718TW
2138,N945AT
2139,N383HA
2140,N742PS
2141,N37468
2142,N665AW
2143,N13979
2144,N37474
2145,N14920
2146,D942DN
2147,N205FR
2148,N627DL
2149,N922DL
2150,N3HFAA
2151,N419UA
2152,N391CA
2153,N14993
2154,N346AA
2155,N355NW
2156,N535UW
2157,N14117
2158,N272AT
2159,N186US
2160,N376DA
2161,N603JB
2162,N3EDAA
2163,N727TW
2164,N356SW
2165,N3HGAA
2166,N484AA
2167,N12924
2168,N14952
2169,N493UA
2170,N577UA
2171,N481AA
2172,N358JB
2173,N750EV
2174,N584AA
2175,N37456
2176,N813AY
2177,N29129
2178,N471AA
2179,N12201
2180,N926WN
2181,N3730B
2182,N920DE
2183,N587UA
2184,N228JB
2185,N39416
2186,N421UA
2187,N16999
2188,N48901
2189,N263AV
2190,N433LV
2191,N908DE
2192,N830AS
2193,N8918B
2194,N925XJ
2195,N8908D
2196,N713TW
2197,N955UW
2198,N3GDAA
2199,N474UA
2200,N5EVAA
2201,N132EV
2202,N13908
2203,N35271
2204,N79521
2205,N12167
2206,N554JB
2207,N11184
2208,N663DN
2209,N205WN
2210,N77520
2211,N12114
2212,N6706Q
2213,N914XJ
2214,N14168
2215,N647AW
2216,N547US
2217,N13118
2218,N707TW
2219,N37255
2220,N436UA
2221,N305DQ
2222,N36207
2223,N819UA
2224,N963AT
2225,N77261
2226,N3CCAA
2227,N374DA
2228,N633VA
2229,N476UA
2230,N779JB
2231,N308DE
2232,N671DN
2233,N189DN
2234,N37253
2235,N208FR
2236,N741EV
2237,N13133
2238,N722US
2239,N547UW
2240,N905DL
2241,N3BAAA
2242,N8839E
2243,N934FJ
2244,N664DN
2245,N12109
2246,N428UA
2247,N737JW
2248,N652DL
2249,N1605
2250,N8416B
2251,N79402
2252,N8718E
2253,N662AW
2254,N593AA
2255,N347NW
2256,N522VA
2257,N8736A
2258,N459UA
2259,N27190
2260,N621SW
2261,N11106
2262,N474AA
2263,N3CKAA
2264,N73283
2265,N3FLAA
2266,N17159
2267,N73251
2268,N264LV
2269,N11107
2270,N491AA
2271,N763US
2272,N642AW
2273,N38454
2274,N301DQ
2275,N7734H
2276,N695MQ
2277,N12216
2278,N3JXAA
2279,N658DL
2280,N257WN
2281,N255WN
2282,N766US
2283,N770SA
2284,N606LR
2285,N3GAAA
2286,N439WN
2287,N5DWAA
2288,N8423C
2289,N172DZ
2290,N848UA
2291,N77530
2292,N221WN
2293,N695DL
2294,N18556
2295,N983DL
2296,N591AA
2297,N902WN
2298,N575UA
2299,N11109
2300,N8543F
2301,N3BWAA
2302,N761RR
2303,N3CXAA
2304,N833UA
2305,N315NB
2306,N638DL
2307,N612MQ
2308,N656AW
2309,N5BTAA
2310,N672AW
2311,N366NW
2312,N3JVAA
2313,N602SW
2314,N207WN
2315,N3FBAA
2316,N565UA
2317,N840VA
2318,N932DL
2319,N338NW
2320,N910DL
2321,N3BXAA
2322,N664AW
2323,N691CA
2324,N930AT
2325,N739GB
2326,N213FR
2327,N16713
2328,N812MQ
2329,N604AW
2330,N75858
2331,N3KJAA
2332,N4UCAA
2333,N980DL
2334,N109UW
2335,N444UA
2336,N3DJAA
2337,N710SW
2338,N965DL
2339,N545UW
2340,N74856
2341,N940DL
2342,N8982A
2343,N11206
2344,N951FR
2345,N539US
2346,N926AT
2347,N608MQ
2348,N8891A
2349,N903DE
2350,N686DA
2351,N548AA
2352,N103US
2353,N830AY
2354,N569JB
2355,N33264
2356,N924FJ
2357,N746SW
2358,N954DL
2359,N949WN
2360,N201LV
2361,N552UA
2362,N169UW
2363,N963DN
2364,N910AT
2365,N262WN
2366,N3AFAA
2367,N3HXAA
2368,N650DL
2369,N402UA
2370,N5FTAA
2371,N445WN
2372,N365AA
2373,N914WN
2374,N759GS
2375,N642DL
2376,N346NB
2377,N294JB
2378,N801AY
2379,N363NW
2380,N926LR
2381,N15973
2382,N982AT
2383,N433AA
2384,N934WN
2385,N204FR
2386,N3GKAA
2387,N3EYAA
2388,N8883E
2389,N565AS
2390,N436WN
2391,N962WN
2392,N3ETAA
2393,N837UA
2394,N8311Q
2395,N196UW
2396,N944DL
2397,N613DL
2398,N979AT
2399,N751SW
2400,N329AT
2401,N559AS
2402,N966AT
2403,N362SW
2404,N619AA
2405,N523US
2406,N821AY
2407,N787SA
2408,N8733G
2409,N7740A
2410,N268WN
2411,N8315C
2412,N391SW
2413,N219WN
2414,N3JNAA
2415,N279AT
2416,N778SW
2417,N214WN
2418,N470WN
2419,N5CBAA
2420,N3DWAA
2421,N964AT
2422,N352AA
2423,N121DE
2424,N6715C
2425,N3CHAA
2426,N767UW
2427,N660DL
2428,N905WN
2429,N549UA
2430,N240WN
2431,N927WN
2432,N946AT
2433,N689MQ
2434,N775SW
2435,N3GYAA
2436,N288WN
2437,N8938A
2438,N529AS
2439,N169AT
2440,N730SW
2441,N524AS
2442,N68061
2443,N908WN
2444,N624AA
2445,N8321D
2446,N920AT
2447,N377AA
2448,N352SW
2449,N417UA
2450,N660MQ
2451,N980AT
2452,N650SW
2453,N637SW
2454,N5EPAA
2455,N507US
2456,N662DN
2457,N620SW
2458,N8609A
2459,N276AT
2460,N922MQ
2461,N635AA
2462,N659MQ
2463,N649SW
2464,N841AY
2465,N228UA
2466,N686MQ
2467,N156DL
2468,N366SW
2469,N7744A
2470,N940AT
2471,N647SW
2472,N639MQ
2473,N372AA
2474,N933DN
2475,N8554A
2476,N349SW
2477,N609SW
2478,N357SW
2479,N782NC
2480,N77867
2481,N674MQ
2482,N786NC
2483,N3KUAA
2484,N642WN
2485,N537AS
2486,N535AS
2487,N3KYAA
2488,N291AT
2489,N627SW
2490,N607SW
2491,N171DN
2492,N734MQ
2493,N907DA
2494,N675UA
2495,N506UA
2496,N319AS
2497,N990AT
2498,N919DN
2499,N825MQ
2500,N637DL
2501,N568AS
2502,N619SW
2503,N837MQ
2504,N661UA
2505,N532US
2506,N939MQ
2507,N634SW
2508,N501US
2509,N932DN
2510,N68160
2511,N629SW
2512,N449US
2513,N389AA
2514,N631AW
2515,N757AT
2516,N432US
2517,N460UW
2518,N846AS
2519,N804AW
2520,N27901
2521,N518AS
2522,N820AW
2523,N427SW
2524,N905MQ
2525,N965DN
2526,N828MH
2527,N807AW
2528,N325AA
2529,N801AW
2530,N821AW
2531,N812AW
2532,N624AW
2533,N912DN
2534,N7724A
2535,N856NW
2536,N306AS
2537,N431AS
2538,N809NW
2539,N813SK
2540,N295PQ
2541,N68802
2542,N8621A
2543,N68807
2544,N3LFAA
2545,N7713A
2546,N3LDAA
2547,N710TW
2548,N45440
2549,N524UA
2550,N3GBAA
2551,N12540
2552,N73275
2553,N34460
2554,N344AT
2555,N364NB
2556,N636JB
2557,N284JB
2558,N1EAMQ
2559,N553UW
2560,N953UW
2561,N597JB
2562,N758EV
2563,N942DL
2564,N804UA
2565,N17984
2566,N935XJ
2567,N14902
2568,N3746H
2569,N8933B
2570,N723MQ
2571,N236JB
2572,N72405
2573,N13964
2574,N649JB
2575,N709JB
2576,N76519
2577,N380DA
2578,N14950
2579,N929XJ
2580,N509JB
2581,N708JB
2582,N556UW
2583,N3768
2584,N273JB
2585,N717TW
2586,N563JB
2587,N766JB
2588,N308AT
2589,N674DL
2590,N3JHAA
2591,N952DL
2592,N87513
2593,N523JB
2594,N532MQ
2595,N152UW
2596,N16911
2597,N520JB
2598,N37267
2599,N730EV
2600,N924DL
2601,N722TW
2602,N929WN
2603,N515AA
2604,N462UA
2605,N985AT
2606,N14116
2607,N529AA
2608,N27962
2609,N22909
2610,N740SW
2611,N332NB
2612,N3JLAA
2613,N640AA
2614,N849MQ
2615,N357NB
2616,N637VA
2617,N847UA
2618,N24103
2619,N9EAMQ
2620,N974AT
2621,N513UA
2622,N696MQ
2623,N742SW
2624,N196DN
2625,N604MQ
2626,N746JB
2627,N3GCAA
2628,N570JB
2629,N78509
2630,N5ELAA
2631,N3734B
2632,N369NB
2633,N13248
2634,N632JB
2635,N937WN
2636,N3765
2637,N328AA
2638,N285AT
2639,N3DTAA
2640,N8602F
2641,N809JB
2642,N38473
2643,N4XPAA
2644,N163US
2645,N76265
2646,N565UW
2647,N37274
2648,N958DL
2649,N644JB
2650,N11150
2651,N77430
2652,N744EV
2653,N319NB
2654,N3ATAA
2655,N530UA
2656,N539AA
2657,N956WN
2658,N12125
2659,N406WN
2660,N14562
2661,N714CB
2662,N324AA
2663,N11544
2664,N556JB
2665,N17108
2666,N3DUAA
2667,N987DL
2668,N384DA
2669,N611QX
2670,N161UW
2671,N3BUAA
2672,N942MQ
2673,N513MQ
2674,N524VA
2675,N774SW
2676,N827UA
2677,N336NW
2678,N537MQ
2679,N322NB
2680,N901DE
2681,N87531
2682,N17730
2683,N3KEAA
2684,N977DL
2685,N558AS
2686,N310NW
2687,N336NB
2688,N368JB
2689,N265JB
2690,N764US
2691,N440UA
2692,N919DE
2693,N923WN
2694,N13978
2695,N354AA
2696,N625MQ
2697,N704US
2698,N15986
2699,N348NB
2700,N12116
2701,N941MQ
2702,N16976
2703,N659AW
2704,N13132
2705,N812UA
2706,N3766
2707,N570UA
2708,N75426
2709,N3JYAA
2710,N592UA
2711,N211WN
2712,N654AW
2713,N4YJAA
2714,N918DE
2715,N310DE
2716,N330NB
2717,N544UW
2718,N8631E
2719,N13124
2720,N378NW
2721,N782SA
2722,N17128
2723,N994AT
2724,N834AS
2725,N362AA
2726,N962DL
2727,N936WN
2728,N564UA
2729,N403AS
2730,N3749D
2731,N717EV
2732,N609DL
2733,N831UA
2734,N27213
2735,N903WN
2736,N571JB
2737,N544AA
2738,N131EV
2739,N4WLAA
2740,N807JB
2741,N794SW
2742,N548UA
2743,N75432
2744,N14704
2745,N8516C
2746,N3GWAA
2747,N391HA
2748,N3AEMQ
2749,N119US
2750,N113UW
2751,N21108
2752,N535UA
2753,N935DL
2754,N303DQ
2755,N837MH
2756,N8837B
2757,N730US
2758,N3CBAA
2759,N473WN
2760,N336AA
2761,N273WN
2762,N78438
2763,N757LV
2764,N970DL
2765,N8613K
2766,N569UA
2767,N908DL
2768,N407UA
2769,N670DN
2770,N19130
2771,N595AA
2772,N77295
2773,N650AW
2774,N17245
2775,N601XJ
2776,N558UW
2777,N8976E
2778,N523UA
2779,N634MQ
2780,N8688C
2781,N304DQ
2782,N677AW
2783,N428WN
2784,N507AY
2785,N520UA
2786,N76516
2787,N511UA
2788,N33266
2789,N942WN
2790,N829AY
2791,N468UA
2792,N855MQ
2793,N629VA
2794,N3DCAA
2795,N285WN
2796,N3KPAA
2797,N932WN
2798,N37287
2799,N508JB
2800,N551AS
2801,N950AT
2802,N562UW
2803,N590AA
2804,N347NB
2805,N76523
2806,N790SW
2807,N4XFAA
2808,N930XJ
2809,N57864
2810,N748EV
2811,N8598B
2812,N14543
2813,N14974
2814,N709EV
2815,N8614M
2816,N534UA
2817,N384HA
2818,N714US
2819,N33209
2820,N8969A
2821,N687DL
2822,N4YAAA
2823,N14542
2824,N526VA
2825,N847VA
2826,N12238
2827,N512AS
2828,N920DL
2829,N197DN
2830,N376AA
2831,N819AW
2832,N546AA
2833,N267WN
2834,N715UW
2835,N270WN
2836,N561AA
2837,N8432A
2838,N695CA
2839,N321NB
2840,N321US
2841,N4XBAA
2842,N314US
2843,N446UA
2844,N364SW
2845,N754SW
2846,N735SA
2847,N441WN
2848,N6702
2849,N4YNAA
2850,N201AA
2851,N3JSAA
2852,N618MQ
2853,N5EHAA
2854,N3JBAA
2855,N579AS
2856,N15574
2857,N3757D
2858,N401WN
2859,N4XYAA
2860,N473AA
2861,N823MQ
2862,N317US
2863,N692DL
2864,N37273
2865,N932MQ
2866,N305AS
2867,N352NW
2868,N8310C
2869,N398SW
2870,N407WN
2871,N905XJ
2872,N347AA
2873,N951WN
2874,N913DE
2875,N645MQ
2876,N981AT
2877,N349NW
2878,N955AT
2879,N460UA
2880,N3KTAA
2881,N66056
2882,N733UW
2883,N755SA
2884,N634AA
2885,N845UA
2886,N780SW
2887,N805MQ
2888,N1201P
2889,N731SA
2890,N460WN
2891,N552WN
2892,N555AA
2893,N361SW
2894,N582AA
2895,N546AS
2896,N8495B
2897,N378AA
2898,N931MQ
2899,N543US
2900,N5BVAA
2901,N538UA
2902,N927LR
2903,N560UW
2904,N914DN
2905,N8324A
2906,N995AT
2907,N201FR
2908,N661DN
2909,N342AA
2910,N26141
2911,N156UW
2912,N437WN
2913,N3HPAA
2914,N605SW
2915,N272WN
2916,N852MQ
2917,N467AA
2918,N642MQ
2919,N995DL
2920,N510UA
2921,N504MJ
2922,N372SW
2923,N512UA
2924,N67171
2925,N450WN
2926,N429UA
2927,N7811F
2928,N933LR
2929,N396AA
2930,N16065
2931,N933AT
2932,N382AA
2933,N4YRAA
2934,N8329B
2935,N382SW
2936,N725SW
2937,N455UW
2938,N820AY
2939,N643SW
2940,N680MQ
2941,N5FBAA
2942,N180DN
2943,N3KWAA
2944,N250WN
2945,N789SK
2946,N790SK
2947,N762SK
2948,N309AS
2949,N635MQ
2950,N353AA
2951,N370AA
2952,N400WN
2953,N697MQ
2954,N8320J
2955,N5ENAA
2956,N827MQ
2957,N278AT
2958,N705SK
2959,N675MC
2960,N685SW
2961,N8302F
2962,N778SK
2963,N710SK
2964,N601WN
2965,N519AS
2966,N549AS
2967,N739MQ
2968,N512MJ
2969,N515MJ
2970,N941FR
2971,N584AS
2972,N604DL
2973,N821MQ
2974,N343AA
2975,N525US
2976,N426US
2977,N671UA
2978,N784NC
2979,N935AT
2980,N542US
2981,N506AA
2982,N1611B
2983,N4WRAA
2984,N626AW
2985,N802MQ
2986,N78013
2987,N16632
2988,N17627
2989,N646UA
2990,N670US
2991,N840MQ
2992,N287AT
2993,N62631
2994,N78003
2995,N956DN
2996,N910FJ
2997,N625AW
2998,N137DL
2999,N384AA
3000,N646MQ
3001,N45905
3002,N672MQ
3003,N536AA
3004,N161PQ
3005,N952FR
3006,N594NW
3007,N279PQ
3008,N433AS
3009,N662MQ
3010,N657UA
3011,N693CA
3012,N802AW
3013,N8620H
3014,N298PQ
3015,N57016
3016,N848AS
3017,N572UW
3018,N870AS
3019,N800MQ
3020,N992DL
3021,N928XJ
3022,N648AW
3023,N318JB
3024,N24729
3025,N633JB
3026,N510MQ
3027,N11551
3028,N402WN
3029,N21723
3030,N13913
3031,N7735A
3032,N3GJAA
3033,N511MQ
3034,N607JB
3035,N605JB
3036,N8971A
3037,N527VA
3038,N3741S
3039,N729JB
3040,N635VA
3041,N15712
3042,N13997
3043,N413UA
3044,N506MJ
3045,N16170
3046,N453WN
3047,N27733
3048,N319US
3049,N78501
3050,N504JB
3051,N826UA
3052,N558JB
3053,N12195
3054,N537JB
3055,N763SW
3056,N740EV
3057,N534JB
3058,N3JWAA
3059,N77431
3060,N969DL
3061,N711ZX
3062,N647DL
3063,N34111
3064,N13955
3065,N793JB
3066,N907XJ
3067,N328NB
3068,N3CTAA
3069,N526JB
3070,N5FFAA
3071,N374NW
3072,N3759
3073,N587AA
3074,N636VA
3075,N829AS
3076,N760JB
3077,N23707
3078,N76515
3079,N595JB
3080,N197UW
3081,N3EVAA
3082,N659JB
3083,N296JB
3084,N519UW
3085,N414UA
3086,N331NW
3087,N112US
3088,N919WN
3089,N494UA
3090,N438WN
3091,N489AA
3092,N848VA
3093,N171US
3094,N18557
3095,N14121
3096,N608AT
3097,N531JB
3098,N76055
3099,N699DL
3100,N174DZ
3101,N13110
3102,N800AY
3103,N33714
3104,N8EGMQ
3105,N509MJ
3106,N225WN
3107,N839MH
3108,N626VA
3109,N281WN
3110,N3FNAA
3111,N578UA
3112,N820UA
3113,N784JB
3114,N634JB
3115,N75853
3116,N523VA
3117,N832AS
3118,N8960A
3119,N322US
3120,N844UA
3121,N529JB
3122,N505JB
3123,N718SW
3124,N351JB
3125,N23721
3126,N846VA
3127,N958WN
3128,N17244
3129,N3737C
3130,N391DA
3131,N922XJ
3132,N946DL
3133,N18220
3134,N16951
3135,N525VA
3136,N921DL
3137,N4YCAA
3138,N586AA
3139,N715SW
3140,N622VA
3141,N709TW
3142,N8577D
3143,N35407
3144,N839UA
3145,N919DL
3146,N841UA
3147,N623MQ
3148,N948UW
3149,N451WN
3150,N601MQ
3151,N185DN
3152,N923XJ
3153,N76528
3154,N658AW
3155,N589UA
3156,N706JB
3157,N382DA
3158,N910XJ
3159,N3EPAA
3160,N36476
3161,N3738B
3162,N11536
3163,N8894A
3164,N315US
3165,N912XJ
3166,N8515F
3167,N14214
3168,N397DA
3169,N18243
3170,N752US
3171,N531MQ
3172,N247JB
3173,N3BCAA
3174,N552UW
3175,N600LR
3176,N195UW
3177,N3BVAA
3178,N912DE
3179,N4XJAA
3180,N960DL
3181,N408UA
3182,N8836A
3183,N3AVAA
3184,N11121
3185,N676CA
3186,N822UA
3187,N6703D
3188,N13113
3189,N198DN
3190,N939DL
3191,N12142
3192,N76522
3193,N323JB
3194,N470UA
3195,N14125
3196,N34222
3197,N176DZ
3198,N194DN
3199,N935WN
3200,N3KCAA
3201,N837VA
3202,N8968E
3203,N498WN
3204,N937DL
3205,N854VA
3206,N299WN
3207,N7704B
3208,N12163
3209,N16559
3210,N57439
3211,N16918
3212,N4XVAA
3213,N948FR
3214,N947WN
3215,N3BHAA
3216,N13553
3217,N17185
3218,N364NW
3219,N33286
3220,N707SA
3221,N12564
3222,N663AW
3223,N978DL
3224,N502MQ
3225,N445UA
3226,N38268
3227,N537UA
3228,N198UW
3229,N6709
3230,N838VA
3231,N614QX
3232,N217JC
3233,N77525
3234,N21130
3235,N523MQ
3236,N834UA
3237,N644MQ
3238,N937XJ
3239,N3AEAA
3240,N3AAAA
3241,N908FJ
3242,N456WN
3243,N8694A
3244,N15985
3245,N37252
3246,N232WN
3247,N192UW
3248,N38403
3249,N426WN
3250,N5FNAA
3251,N558UA
3252,N8936A
3253,N405WN
3254,N492AA
3255,N5CGAA
3256,N480AA
3257,N14573
3258,N8944B
3259,N508AY
3260,N3GMAA
3261,N3KGAA
3262,N5CHAA
3263,N3760C
3264,N919FJ
3265,N6707A
3266,N554AA
3267,N176DN
3268,N8308K
3269,N274WN
3270,N3CEAA
3271,N75435
3272,N943AT
3273,N14907
3274,N504MQ
3275,N957DL
3276,N4WJAA
3277,N476AA
3278,N14106
3279,N592AA
3280,N916WN
3281,N480UA
3282,N403WN
3283,N655AW
3284,N682DA
3285,N651DL
3286,N309US
3287,N73276
3288,N912FJ
3289,N521LR
3290,N75425
3291,N153PQ
3292,N68453
3293,N5EYAA
3294,N930DL
3295,N711UW
3296,N354NB
3297,N8307K
3298,N386HA
3299,N791SW
3300,N356NW
3301,N628VA
3302,N851NW
3303,N15912
3304,N375NC
3305,N491WN
3306,N151UW
3307,N405UA
3308,N12172
3309,N724UW
3310,N349NB
3311,N3FEAA
3312,N14153
3313,N412WN
3314,N14186
3315,N623DL
3316,N992AT
3317,N599AA
3318,N8444F
3319,N667UA
3320,N14203
3321,N8970D
3322,N548US
3323,N37700
3324,N824AY
3325,N432WN
3326,N231JB
3327,N808UA
3328,N3DNAA
3329,N442UA
3330,N8972E
3331,N4YPAA
3332,N824AW
3333,N964WN
3334,N909DL
3335,N4WMAA
3336,N435US
3337,N440LV
3338,N744SW
3339,N530MQ
3340,N8903A
3341,N12225
3342,N3AMAA
3343,N33132
3344,N490UA
3345,N961WN
3346,N8932C
3347,N720EV
3348,N8303R
3349,N723SW
3350,N13202
3351,N14188
3352,N942AT
3353,N454WN
3354,N252WN
3355,N8532G
3356,N76503
3357,N943DL
3358,N725UW
3359,N359NB
3360,N603DL
3361,N620MQ
3362,N547UA
3363,N719EV
3364,N661MQ
3365,N273AT
3366,N503MQ
3367,N961DL
3368,N5DUAA
3369,N633DL
3370,N821UA
3371,N828MQ
3372,N617MQ
3373,N4XNAA
3374,N5DSAA
3375,N672DL
3376,N513AA
3377,N229WN
3378,N927AT
3379,N512MQ
3380,N26226
3381,N691MQ
3382,N24128
3383,N826AY
3384,N993AT
3385,N930WN
3386,N320AS
3387,N652SW
3388,N3BSAA
3389,N920WN
3390,N76062
3391,N36272
3392,N409WN
3393,N527AS
3394,N626SW
3395,N459WN
3396,N413WN
3397,N673DL
3398,N541AA
3399,N265WN
3400,N350AA
3401,N917DN
3402,N669MQ
3403,N696DL
3404,N552NW
3405,N816UA
3406,N3DDAA
3407,N723UW
3408,N247WN
3409,N954AT
3410,N8659B
3411,N903FJ
3412,N157UW
3413,N567AA
3414,N913DN
3415,N994DL
3416,N5EDAA
3417,N553NW
3418,N944DN
3419,N8607M
3420,N138EV
3421,N439AA
3422,N827AW
3423,N908MQ
3424,N522AA
3425,N807MQ
3426,N6701
3427,N613SW
3428,N437AA
3429,N915AT
3430,N966WN
3431,N282WN
3432,N3BRAA
3433,N462WN
3434,N769SW
3435,N556NW
3436,N783SW
3437,N918DH
3438,N284WN
3439,N900MQ
3440,N827AY
3441,N218FR
3442,N902FJ
3443,N390HA
3444,N822MQ
3445,N445US
3446,N374SW
3447,N691WN
3448,N904FJ
3449,N3DEAA
3450,N765SW
3451,N967WN
3452,N961AT
3453,N623AA
3454,N957DN
3455,N986AT
3456,N697SW
3457,N57868
3458,N8301J
3459,N296WN
3460,N444WN
3461,N653SW
3462,N712US
3463,N369SW
3464,N5CPAA
3465,N828JB
3466,N681MQ
3467,N77066
3468,N740SK
3469,N857MQ
3470,N701GS
3471,N630AA
3472,N175DN
3473,N592AS
3474,N602MQ
3475,N501MJ
3476,N628MQ
3477,N808MQ
3478,N220WN
3479,N693MQ
3480,N737MQ
3481,N719MQ
3482,N5DRAA
3483,N546UA
3484,N577AS
3485,N665UA
3486,N7BAAA
3487,N853MQ
3488,N511MJ
3489,N644UA
3490,N677UA
3491,N516LR
3492,N664UA
3493,N1610D
3494,N977AT
3495,N803MQ
3496,N7BVAA
3497,N68159
3498,N76153
3499,N656SW
3500,N773NC
3501,N7ASAA
3502,N59630
3503,N673UA
3504,N906DA
3505,N7ALAA
3506,N663UA
3507,N315AT
3508,N623SW
3509,N964DN
3510,N75861
3511,N346SW
3512,N527SW
3513,N836AW
3514,N521SW
3515,N850MQ
3516,N510SW
3517,N649UA
3518,N526SW
3519,N505SW
3520,N835MH
3521,N344SW
3522,N854MQ
3523,N20904
3524,N929DN
3525,N292PQ
3526,N834JB
3527,N633AW
3528,N69806
3529,N570UW
3530,N659UA
3531,N8618N
3532,N7AYAA
3533,N900EV
3534,N3LGAA
3535,N926EV
3536,N32626
3537,N569AS
3538,N7AEAA
3539,N7AXAA
3540,N174DN
3541,N27421
3542,N3KLAA
3543,N3CDAA
3544,N3DAAA
3545,N917WN
3546,N472WN
3547,N190DN
3548,N182UW
3549,N352NB
3550,N641JB
3551,N447UA
3552,N3HSAA
3553,N830UA
3554,N3747D
3555,N14916
3556,N656JB
3557,N643DL
3558,N535JB
3559,N187JB
3560,N11191
3561,N806JB
3562,N725MQ
3563,N816MQ
3564,N579JB
3565,N904XJ
3566,N665JB
3567,N750UW
3568,N12175
3569,N990DL
3570,N621JB
3571,N519JB
3572,N521MQ
3573,N12166
3574,N3JPAA
3575,N238JB
3576,N53442
3577,N36472
3578,N572UA
3579,N669DN
3580,N3FRAA
3581,N631VA
3582,N952UW
3583,N202WN
3584,N75429
3585,N556AA
3586,N258JB
3587,N629JB
3588,N3EKAA
3589,N11565
3590,N519MQ
3591,N11165
3592,N801UA
3593,N209WN
3594,N14230
3595,N3ANAA
3596,N3743H
3597,N642VA
3598,N517AA
3599,N3BNAA
3600,N468AA
3601,N525MQ
3602,N327AA
3603,N279WN
3604,N583JB
3605,N14120
3606,N37427
3607,N680AW
3608,N437UA
3609,N14148
3610,N648MQ
3611,N37420
3612,N836MQ
3613,N704X
3614,N498UA
3615,N372DA
3616,N359NW
3617,N606JB
3618,N667AW
3619,N825UA
3620,N408AS
3621,N8977A
3622,N301NB
3623,N10156
3624,N913XJ
3625,N599JB
3626,N176UW
3627,N956UW
3628,N555UA
3629,N550UW
3630,N618DL
3631,N568UA
3632,N679DA
3633,N37462
3634,N540AA
3635,N508MQ
3636,N5FHAA
3637,N738MQ
3638,N367NW
3639,N361NB
3640,N357NW
3641,N907WN
3642,N348NW
3643,N3762Y
3644,N616DL
3645,N924WN
3646,N190UW
3647,N957UW
3648,N608DA
3649,N968WN
3650,N340NW
3651,N852UA
3652,N271LV
3653,N8560F
3654,N530AA
3655,N5EXAA
3656,N989DL
3657,N41140
3658,N755US
3659,N309DE
3660,N3HWAA
3661,N910WN
3662,N544UA
3663,N216FR
3664,N548AS
3665,N283JB
3666,N8505Q
3667,N14158
3668,N439UA
3669,N967AT
3670,N806UA
3671,N5CFAA
3672,N186PQ
3673,N639JB
3674,N538UW
3675,N590UA
3676,N487UA
3677,N705SW
3678,N313US
3679,N27152
3680,N525UA
3681,N819AY
3682,N16961
3683,N807UA
3684,N17169
3685,N323NB
3686,N3GTAA
3687,N18114
3688,N559UA
3689,N751EV
3690,N958UW
3691,N188DN
3692,N956DL
3693,N916XJ
3694,N555LV
3695,N4YEAA
3696,N3EGAA
3697,N817AW
3698,N3FKAA
3699,N434US
3700,N571UA
3701,N333NW
3702,N16112
3703,N14237
3704,N928WN
3705,N968AT
3706,N521US
3707,N370NB
3708,N8328A
3709,N105UW
3710,N443US
3711,N76505
3712,N585JB
3713,N13123
3714,N34137
3715,N469UA
3716,N820AS
3717,N14904
3718,N614DL
3719,N470AA
3720,N41135
3721,N8604C
3722,N363NB
3723,N526AA
3724,N3CPAA
3725,N290WN
3726,N172DN
3727,N641MQ
3728,N543AA
3729,N8751D
3730,N3KDAA
3731,N37409
3732,N918XJ
3733,N179JB
3734,N3ESAA
3735,N284AT
3736,N376NW
3737,N3ERAA
3738,N3BJAA
3739,N603SW
3740,N836UA
3741,N30401
3742,N501AA
3743,N705UW
3744,N960WN
3745,N3EBAA
3746,N4XHAA
3747,N435UA
3748,N209FR
3749,N836VA
3750,N952AT
3751,N21537
3752,N702UW
3753,N12996
3754,N477UA
3755,N341NW
3756,N203WN
3757,N13914
3758,N27724
3759,N717JL
3760,N12122
3761,N4YHAA
3762,N489WN
3763,N556UA
3764,N382HA
3765,N33182
3766,N14568
3767,N11155
3768,N571AA
3769,N815MQ
3770,N33203
3771,N392DA
3772,N76529
3773,N8771A
3774,N8869B
3775,N73270
3776,N829UA
3777,N31412
3778,N373JB
3779,N118US
3780,N193UW
3781,N838UA
3782,N403UA
3783,N514AS
3784,N915DL
3785,N757UW
3786,N975AT
3787,N939LR
3788,N944WN
3789,N578AA
3790,N176PQ
3791,N8745B
3792,N855UA
3793,N37419
3794,N751UW
3795,N420WN
3796,N678AW
3797,N510UW
3798,N981DL
3799,N555NW
3800,N513MJ
3801,N551UW
3802,N8940E
3803,N335NB
3804,N972DL
3805,N659DL
3806,N77258
3807,N929DL
3808,N542UW
3809,N434WN
3810,N3HYAA
3811,N692MQ
3812,N5EGAA
3813,N656MQ
3814,N38467
3815,N154UW
3816,N906XJ
3817,N991AT
3818,N3BDAA
3819,N7738A
3820,N694DL
3821,N466AA
3822,N988DL
3823,N7739A
3824,N753US
3825,N57852
3826,N899AT
3827,N375SW
3828,N477WN
3829,N762SW
3830,N3JDAA
3831,N651MQ
3832,N724EV
3833,N14204
3834,N8946A
3835,N8913A
3836,N4XKAA
3837,N561UW
3838,N940WN
3839,N295WN
3840,N968DL
3841,N431UA
3842,N199DN
3843,N553AS
3844,N325US
3845,N435AA
3846,N3JJAA
3847,N3DPAA
3848,N269WN
3849,N985DL
3850,N564AA
3851,N712SW
3852,N183DN
3853,N522LR
3854,N721UW
3855,N8800G
3856,N476WN
3857,N253WN
3858,N605QX
3859,N671MQ
3860,N536UA
3861,N551UA
3862,N57855
3863,N823AY
3864,N710UW
3865,N974DL
3866,N827MH
3867,N679AW
3868,N3FUAA
3869,N431WN
3870,N8758D
3871,N261AT
3872,N15983
3873,N365NW
3874,N4YMAA
3875,N706SW
3876,N8877A
3877,N524UW
3878,N484WN
3879,N3AKAA
3880,N550AA
3881,N657AW
3882,N37408
3883,N171DZ
3884,N925MQ
3885,N299AT
3886,N8314L
3887,N3EUAA
3888,N482WN
3889,N419WN
3890,N693DL
3891,N528AS
3892,N403AA
3893,N983AT
3894,N848MQ
3895,N3BTAA
3896,N534UW
3897,N956AT
3898,N66057
3899,N788SA
3900,N7730A
3901,N683DA
3902,N688DL
3903,N398AA
3904,N934AT
3905,N175AT
3906,N256WN
3907,N503MJ
3908,N650MQ
3909,N932AT
3910,N953AT
3911,N530US
3912,N5CCAA
3913,N226WN
3914,N3BMAA
3915,N179DN
3916,N506AS
3917,N3KBAA
3918,N698DL
3919,N5DXAA
3920,N617SW
3921,N3754A
3922,N530AS
3923,N969WN
3924,N5ESAA
3925,N863DA
3926,N688MQ
3927,N338NB
3928,N713UW
3929,N552AS
3930,N394DL
3931,N633SW
3932,N611MQ
3933,N570AS
3934,N507MJ
3935,N651SW
3936,N618AA
3937,N625SW
3938,N444US
3939,N639AA
3940,N5FCAA
3941,N906WN
3942,N632SW
3943,N8611A
3944,N683MQ
3945,N4XWAA
3946,N17560
3947,N915FJ
3948,N545UA
3949,N266WN
3950,N998AT
3951,N831AW
3952,N603AT
3953,N567UW
3954,N679MQ
3955,N588UA
3956,N694SW
3957,N7812G
3958,N8316H
3959,N936AT
3960,N685MQ
3961,N684DA
3962,N375AA
3963,N390AA
3964,N923DN
3965,N895AT
3966,N780SK
3967,N614SW
3968,N569UW
3969,N824AS
3970,N367SW
3971,N922EV
3972,N647MQ
3973,N57863
3974,N701SK
3975,N516AS
3976,N948AT
3977,N766SK
3978,N8603F
3979,N3LBAA
3980,N658UA
3981,N69154
3982,N858MQ
3983,N736MQ
3984,N5EJAA
3985,N383SW
3986,N527UA
3987,N669UA
3988,N636DL
3989,N562AS
3990,N1607B
3991,N641SW
3992,N624MQ
3993,N5CLAA
3994,N361AA
3995,N516AA
3996,N672UA
3997,N583AS
3998,N388AA
3999,N1613B
4000,N349AA
4001,N503US
4002,N5DJAA
4003,N563AS
4004,N750AT
4005,N7BGAA
4006,N355AA
4007,N307AS
4008,N943DN
4009,N512SW
4010,N524SW
4011,N937DN
4012,N514SW
4013,N654UA
4014,N648SW
4015,N913EV
4016,N595NW
4017,N587NW
4018,N261AV
4019,N5ECAA
4020,N916DN
4021,N14628
4022,N1609
4023,N4WYAA
4024,N641UA
4025,N945DN
4026,N303AS
4027,N294PQ
4028,N904DA
4029,N803SK
4030,N8619F
4031,N915DN
4032,N297PQ
4033,N903JB
4034,N928EV
4035,N683BR
4036,N669SW
4037,N7ACAA
